{"train": [{"id": "case1", "report": "There are low lung volumes. Heart size is mildly enlarged. Mediastinal contours are unremarkable. The cardiac silhouette is within normal limits. Patchy atelectasis are seen at the lung bases. No pleural effusion or pneumothorax is present. There are no acute osseous abnormalities.", "image_path": ["case1/0.png", "case1/1.png"], "split": "train"}, {"id": "case2", "report": "The lungs are clear. There is hyperexpansion of the lungs suggesting underlying emphysema. The heart and pulmonary XXXX appear normal. Pleural spaces are clear. Mediastinal contours are normal.", "image_path": ["case2/0.png", "case2/1.png"], "split": "train"}, {"id": "case3", "report": "Lungs are clear bilaterally with no focal infiltrate, pleural effusion, or pneumothoraces. Cardiomediastinal silhouette is within normal limits. XXXX and soft tissues are unremarkable.", "image_path": ["case3/0.png", "case3/1.png"], "split": "train"}],"val": [{"id": "case1", "report": "There are low lung volumes. Heart size is mildly enlarged. Mediastinal contours are unremarkable. The cardiac silhouette is within normal limits. Patchy atelectasis are seen at the lung bases. No pleural effusion or pneumothorax is present. There are no acute osseous abnormalities.", "image_path": ["case1/0.png", "case1/1.png"], "split": "val"}, {"id": "case2", "report": "The lungs are clear. There is hyperexpansion of the lungs suggesting underlying emphysema. The heart and pulmonary XXXX appear normal. Pleural spaces are clear. Mediastinal contours are normal.", "image_path": ["case2/0.png", "case2/1.png"], "split": "val"}, {"id": "case3", "report": "Lungs are clear bilaterally with no focal infiltrate, pleural effusion, or pneumothoraces. Cardiomediastinal silhouette is within normal limits. XXXX and soft tissues are unremarkable.", "image_path": ["case3/0.png", "case3/1.png"], "split": "val"}],"test": [{"id": "case1", "report": "There are low lung volumes. Heart size is mildly enlarged. Mediastinal contours are unremarkable. The cardiac silhouette is within normal limits. Patchy atelectasis are seen at the lung bases. No pleural effusion or pneumothorax is present. There are no acute osseous abnormalities.", "image_path": ["case1/0.png", "case1/1.png"], "split": "test"}, {"id": "case2", "report": "The lungs are clear. There is hyperexpansion of the lungs suggesting underlying emphysema. The heart and pulmonary XXXX appear normal. Pleural spaces are clear. Mediastinal contours are normal.", "image_path": ["case2/0.png", "case2/1.png"], "split": "test"}, {"id": "case3", "report": "Lungs are clear bilaterally with no focal infiltrate, pleural effusion, or pneumothoraces. Cardiomediastinal silhouette is within normal limits. XXXX and soft tissues are unremarkable.", "image_path": ["case3/0.png", "case3/1.png"], "split": "test"}]}